{"episode_types": ["t", "t", "t", "t", "t", "t", "t", "t", "t", "t", "t", "t", "t", "t", "t", "t", "t", "t", "t", "t", "t", "t", "t", "t", "t", "t", "t", "t", "t", "t", "t", "t", "t", "t", "t", "t", "t", "t", "t", "t", "t", "t", "t", "t", "t", "t", "t", "t", "t", "t", "t", "t", "t", "t", "t", "t", "t", "t", "t", "t", "t", "t", "t", "t", "t", "t", "t", "t", "t", "t", "t", "t", "t", "t", "t", "t", "t", "t", "t", "t", "t", "t", "t", "t", "t", "t", "t", "t", "t", "t", "t", "t", "t", "t", "t", "t", "t", "t", "t", "t", "t", "t", "t", "t", "t", "t", "t", "t", "t", "t", "t", "t", "t", "t", "t", "t", "t", "t", "t", "t", "t", "t", "t", "t", "t", "t", "t", "t", "t", "t", "t", "t", "t", "t", "t", "t", "t", "t", "t", "t", "t", "t", "t", "t", "t", "t", "t", "t", "t", "t", "t", "t", "t", "t", "t", "t", "t", "t", "t", "t", "t", "t", "t", "t", "t", "t", "t", "t", "t", "t", "t", "t", "t", "t", "t", "t", "t", "t", "t", "t", "t", "t", "t", "t", "t", "t", "t", "t", "t", "t", "t", "t", "t", "t", "t", "t", "t", "t", "t", "t", "t", "t", "t", "t", "t", "t", "t", "t", "t", "t", "t", "t", "t", "t", "t", "t", "t", "t", "t", "t", "t", "t", "t", "t", "t", "t", "t", "t", "t", "t", "t", "t", "t", "t", "t", "t", "t", "t", "t", "t", "t", "t", "t", "t", "t", "t", "t", "t", "t", "t", "t", "t", "t", "t", "t", "t", "t", "t", "t", "t", "t", "t", "t", "t", "t", "t", "t", "t", "t", "t", "t", "t", "t", "t", "t", "t", "t", "t", "t", "t", "t", "t", "t", "t", "t", "t", "t", "t", "t", "t", "t", "t", "t", "t", "t", "t", "t", "t", "t", "t", "t", "t", "t", "t", "t", "t", "t", "t", "t", "t", "t", "t", "t", "t", "t", "t", "t", "t", "t", "t", "t", "t", "t", "t", "t", "t", "t", "t", "t"], "initial_reset_timestamp": 1543325439.720881, "timestamps": [1543325443.6594198, 1543325444.1433024, 1543325444.4938245, 1543325444.8113387, 1543325445.0601833, 1543325445.326129, 1543325445.5599844, 1543325445.9934354, 1543325446.8591664, 1543325447.0760005, 1543325447.2764175, 1543325447.4597764, 1543325447.744091, 1543325448.0262747, 1543325448.2439122, 1543325448.4431984, 1543325448.7099035, 1543325449.1924615, 1543325449.4930177, 1543325449.7428715, 1543325450.343296, 1543325450.5605512, 1543325450.809854, 1543325451.009937, 1543325451.2100964, 1543325451.4102159, 1543325451.6591184, 1543325452.859117, 1543325453.1429362, 1543325453.376868, 1543325453.6930835, 1543325453.8758266, 1543325454.2443376, 1543325454.5431936, 1543325454.9419806, 1543325455.4270756, 1543325456.0762787, 1543325456.2762508, 1543325456.4943118, 1543325456.9937167, 1543325457.5420334, 1543325458.143412, 1543325458.3089702, 1543325458.727493, 1543325459.1272495, 1543325460.6268961, 1543325460.827156, 1543325461.1589622, 1543325461.7777395, 1543325462.411329, 1543325463.694349, 1543325465.3595538, 1543325466.6106145, 1543325468.8106024, 1543325469.624859, 1543325471.2407875, 1543325473.0424194, 1543325475.1759238, 1543325477.0745366, 1543325478.4927952, 1543325480.6247683, 1543325482.1262193, 1543325484.1078246, 1543325485.8095236, 1543325488.9904058, 1543325490.9416971, 1543325492.976981, 1543325495.409481, 1543325497.307619, 1543325499.9755285, 1543325502.7236173, 1543325505.775833, 1543325507.9408963, 1543325510.2571073, 1543325512.9405587, 1543325516.2081878, 1543325518.4739077, 1543325521.8087585, 1543325524.6246147, 1543325527.1068916, 1543325529.8910165, 1543325532.3069348, 1543325535.1408377, 1543325537.8911254, 1543325541.2236993, 1543325544.5571826, 1543325547.6901107, 1543325550.473089, 1543325553.5895615, 1543325556.1390834, 1543325558.7888458, 1543325561.607875, 1543325563.9394133, 1543325566.455502, 1543325568.5714145, 1543325571.556344, 1543325574.0396917, 1543325577.371716, 1543325580.4727914, 1543325582.6072757, 1543325584.9714317, 1543325587.5230658, 1543325590.2895913, 1543325593.5221686, 1543325596.2056155, 1543325598.9561036, 1543325601.9551485, 1543325605.2883184, 1543325608.6229842, 1543325611.1703854, 1543325613.6374614, 1543325616.9702232, 1543325619.5385118, 1543325622.2213657, 1543325624.9049847, 1543325628.2365081, 1543325630.6213927, 1543325632.9530723, 1543325635.1029103, 1543325637.4871812, 1543325639.9532747, 1543325642.9539375, 1543325644.9204218, 1543325648.253117, 1543325651.3702805, 1543325655.9195101, 1543325658.8204558, 1543325661.836833, 1543325665.1378088, 1543325668.220255, 1543325671.0534177, 1543325674.384946, 1543325677.72092, 1543325681.052199, 1543325683.6202261, 1543325686.952262, 1543325690.1182241, 1543325692.9181395, 1543325696.0516424, 1543325698.4531033, 1543325701.3854837, 1543325703.917676, 1543325706.300323, 1543325709.4017527, 1543325712.2678032, 1543325714.584479, 1543325716.8179972, 1543325720.1504667, 1543325722.8671494, 1543325725.4013264, 1543325728.384076, 1543325730.8008988, 1543325733.7511735, 1543325737.0847785, 1543325740.416631, 1543325743.1507106, 1543325746.4863122, 1543325749.3172574, 1543325752.4155996, 1543325755.7499635, 1543325758.4011078, 1543325761.3155873, 1543325764.2161624, 1543325767.4156904, 1543325770.116006, 1543325773.1482513, 1543325776.0331697, 1543325778.9491534, 1543325781.7329547, 1543325785.0654047, 1543325788.3373914, 1543325790.9666266, 1543325794.097806, 1543325796.897907, 1543325799.7482655, 1543325802.7990646, 1543325806.1326315, 1543325809.465247, 1543325812.0151026, 1543325815.2316527, 1543325818.5657456, 1543325821.897467, 1543325825.230809, 1543325828.564055, 1543325831.66569, 1543325834.9977539, 1543325838.3313117, 1543325841.1325257, 1543325843.8815668, 1543325847.2155216, 1543325849.8471718, 1543325852.6644053, 1543325855.265265, 1543325858.2140126, 1543325861.5469015, 1543325864.0635393, 1543325867.365263, 1543325870.046259, 1543325872.4473178, 1543325875.528975, 1543325878.846629, 1543325882.1798403, 1543325885.5133617, 1543325888.311767, 1543325891.6456907, 1543325894.5132997, 1543325897.545774, 1543325900.6296751, 1543325903.8127675, 1543325906.6448963, 1543325909.4287186, 1543325912.760775, 1543325915.6460114, 1543325918.978742, 1543325922.2456083, 1543325925.4949625, 1543325932.17831, 1543325935.5600624, 1543325938.8931372, 1543325942.2262337, 1543325945.277744, 1543325948.6104958, 1543325951.9448717, 1543325955.2779431, 1543325958.610742, 1543325961.2919905, 1543325964.6263213, 1543325967.958711, 1543325971.2926269, 1543325974.6257236, 1543325977.9589646, 1543325981.291572, 1543325984.6252856, 1543325987.3605204, 1543325990.4591415, 1543325993.792427, 1543325997.124727, 1543326000.4581156, 1543326003.792053, 1543326007.1245425, 1543326010.275798, 1543326013.608681, 1543326016.9418125, 1543326020.2762158, 1543326023.6099033, 1543326026.6762438, 1543326030.0105195, 1543326033.343995, 1543326036.6761084, 1543326040.0094101, 1543326043.343148, 1543326046.6762927, 1543326049.0425816, 1543326052.375909, 1543326055.7084193, 1543326059.0426202, 1543326062.3735344, 1543326065.7074199, 1543326069.0403562, 1543326072.3745255, 1543326075.7075398, 1543326079.0415893, 1543326082.3747854, 1543326085.2582493, 1543326088.2073443, 1543326091.540404, 1543326093.97235, 1543326097.306656, 1543326100.639674, 1543326103.173618, 1543326106.3404, 1543326109.6734765, 1543326113.005598, 1543326115.6723924, 1543326118.2063982, 1543326121.538968, 1543326124.8711941, 1543326128.2051134, 1543326131.5394843, 1543326134.8708372, 1543326138.204787, 1543326141.5388896, 1543326144.2042449, 1543326145.4707823, 1543326147.020846, 1543326150.3538368, 1543326152.9381163, 1543326155.8878982, 1543326158.5717092, 1543326161.9038293, 1543326165.237725, 1543326168.5727823, 1543326171.9057667, 1543326175.1049306, 1543326178.4375315, 1543326181.7711735, 1543326185.104377, 1543326188.4368477, 1543326191.7699704, 1543326195.1032305, 1543326198.4368727, 1543326201.7692883, 1543326205.1024168, 1543326208.436535, 1543326211.7705047, 1543326215.103332, 1543326218.4363167, 1543326221.771271, 1543326224.4532833, 1543326227.7859445, 1543326231.1187844, 1543326233.719098, 1543326237.051629, 1543326239.3517566, 1543326242.6857586, 1543326245.6854396, 1543326249.018611, 1543326252.3523781, 